latency_ns,count
0,113127
41,46799
42,93486
83,11130
84,5614
125,3500
166,452
167,898
208,339
209,149
250,181
291,27
292,61
333,29
334,10
375,20
416,5
417,6
458,5
459,1
500,8
541,1
542,1
583,1
584,2
625,4
666,3
667,3
708,1
750,9
792,9
833,7
834,3
875,21
916,2
917,15
958,12
959,5
1000,28
1041,8
1042,11
1083,10
1084,8
1125,20
1166,7
1167,14
1208,11
1209,7
1250,22
1291,7
1292,12
1333,6
1334,8
1375,8
1416,3
1417,3
1458,3
1459,4
1500,4
1541,1
1542,10
1583,2
1625,4
1666,2
1667,2
1708,3
1709,2
1750,2
1833,2
1875,5
2042,1
2083,1
2166,1
2209,1
2333,2
2625,3
3292,1
3417,1
3541,1
6708,1
7167,1
8083,1
8584,1
8625,1
9417,1
9708,1
10625,1
10708,1
12667,1
13417,1
13834,1
14792,1
15375,1
17167,1
21000,1
21292,1
25000,1
33458,1
34875,1
44125,1
45500,1
82708,1
